{"mean":{"confidence_interval":{"confidence_level":0.95,"lower_bound":-0.03400865198688003,"upper_bound":0.02398296398274137},"point_estimate":-0.004293252336222464,"standard_error":0.014794339727954516},"median":{"confidence_interval":{"confidence_level":0.95,"lower_bound":-0.022150856923892626,"upper_bound":0.0303288311988823},"point_estimate":0.008380477930595376,"standard_error":0.012116569292767068}}