{"mean":{"confidence_interval":{"confidence_level":0.95,"lower_bound":-0.02626232778641479,"upper_bound":0.027588920103199147},"point_estimate":0.0004070391708672627,"standard_error":0.013767637614972218},"median":{"confidence_interval":{"confidence_level":0.95,"lower_bound":-0.033368318358008575,"upper_bound":0.031544857427851625},"point_estimate":-0.004519388069744834,"standard_error":0.015530272094399807}}