{"mean":{"confidence_interval":{"confidence_level":0.95,"lower_bound":-0.029552720352184148,"upper_bound":0.022052257515734128},"point_estimate":-0.003666414644366678,"standard_error":0.013359880292604752},"median":{"confidence_interval":{"confidence_level":0.95,"lower_bound":-0.027198128148579026,"upper_bound":0.008175361148447191},"point_estimate":-0.011985795757996742,"standard_error":0.00894042946164636}}